{"ADANIPORTS": {"r2": 0.9894426556351431, "mse": 1120.282506086914, "mae": 23.66175469723826, "mape": 0.08686525034954266, "variance": 106114.04415452143}, "BHARTIARTL": {"r2": 0.9830421057815131, "mse": 1413.0157526504363, "mae": 27.409701534973177, "mape": 0.09253190045107472, "variance": 83324.95382062322}, "NESTLEIND": {"r2": 0.9967544755834574, "mse": 1301.2853779964778, "mae": 20.829874979710944, "mape": 0.03198096522421943, "variance": 400947.6469700125}, "ASIANPAINT": {"r2": 0.9982745202619919, "mse": 1936.4281812542692, "mae": 27.18051549919631, "mape": 0.10672805723582929, "variance": 1122254.9524051254}, "BPCL": {"r2": 0.9972948074932676, "mse": 20.31008209752974, "mae": 3.0342279227246665, "mape": 0.07976846104718849, "variance": 7507.8139714584}, "MM": {"r2": 0.9890853081723423, "mse": 2981.8262416812777, "mae": 33.26442364070287, "mape": 0.12864823742127474, "variance": 273193.8096617033}, "BAJAJFINSV": {"r2": 0.9859733920627477, "mse": 9068.008098313858, "mae": 58.68171300133807, "mape": 0.1282371485171225, "variance": 646486.1739117079}, "BAJFINANCE": {"r2": 0.998871051301473, "mse": 7312.570366301736, "mae": 52.09744849644563, "mape": 0.4837980296642766, "variance": 6477327.424924622}, "NTPC": {"r2": 0.9608682427288252, "mse": 137.67976139966044, "mae": 8.589989460995486, "mape": 0.062106009334159655, "variance": 3518.3638814267615}, "AXISBANK": {"r2": 0.9966867513260904, "mse": 339.1485399853423, "mae": 13.51319216588148, "mape": 0.2951983076582897, "variance": 102361.32972933567}, "BRITANNIA": {"r2": 0.9933969141119896, "mse": 16691.884541173866, "mae": 68.55840608731046, "mape": 0.23724622891158037, "variance": 2527891.4774503224}, "INDUSINDBK": {"r2": 0.9978791437422083, "mse": 718.4387851401654, "mae": 19.741940993134786, "mape": 0.12896294709843747, "variance": 338749.40015417314}, "BAJAJ-AUTO": {"r2": 0.9902489259864674, "mse": 39093.7197661085, "mae": 141.19381601830204, "mape": 0.13914539361773354, "variance": 4009170.6525715906}, "CIPLA": {"r2": 0.9919604891521466, "mse": 1042.4169935512575, "mae": 22.46802273494707, "mape": 0.14581052397032543, "variance": 129661.74351634807}, "HEROMOTOCO": {"r2": 0.973641888750532, "mse": 37872.216450958374, "mae": 138.05631999656117, "mape": 0.07329413874729805, "variance": 1436833.4700659898}, "GRASIM": {"r2": 0.9924114560172397, "mse": 2695.8306312939753, "mae": 37.43467513709401, "mape": 0.08022245167419105, "variance": 355250.05026239314}, "HINDUNILVR": {"r2": 0.9974254039047417, "mse": 1849.45248073854, "mae": 30.19541430976212, "mape": 0.07114304046896858, "variance": 718346.6502356244}, "DRREDDY": {"r2": 0.9986832919644383, "mse": 159.94207657435854, "mae": 9.006623456979685, "mape": 0.06120623810746458, "variance": 121471.1783133614}, "HINDALCO": {"r2": 0.998447453510081, "mse": 30.518755795598373, "mae": 4.071223208279647, "mape": 0.03338915073146798, "variance": 19657.2250774857}, "EICHERMOT": {"r2": 0.9895993452835005, "mse": 18253.289037374856, "mae": 68.00191582115163, "mape": 0.15376648881658944, "variance": 1755013.4616446788}, "COALINDIA": {"r2": 0.9966023902946665, "mse": 27.429241870466676, "mae": 3.954324302910277, "mape": 0.015431464540890625, "variance": 8073.099693413469}, "ICICIBANK": {"r2": 0.9881232255094735, "mse": 1017.2033281021967, "mae": 21.695708130749093, "mape": 0.09852156066875013, "variance": 85646.42941680583}, "LT": {"r2": 0.9881410556123156, "mse": 7803.359030602688, "mae": 63.51463291097919, "mape": 0.09819503076790415, "variance": 658014.6407218601}, "IOC": {"r2": 0.9915532722021229, "mse": 12.069365709732509, "mae": 1.7086494400387717, "mape": 0.05088473312575921, "variance": 1428.880626739951}, "JSWSTEEL": {"r2": 0.9948488240717984, "mse": 341.90430552067045, "mae": 13.000897771690951, "mape": 0.13463993925534923, "variance": 66374.0299858169}, "INFY": {"r2": 0.997632791615588, "mse": 579.6222140778998, "mae": 17.050942559069483, "mape": 0.1027584441509204, "variance": 244854.7486967005}, "GAIL": {"r2": 0.9971116644547829, "mse": 5.677367133420623, "mae": 1.3979578181424757, "mape": 0.0465891381503499, "variance": 1965.618967928482}, "ITC": {"r2": 0.9987914709433527, "mse": 19.671582023231913, "mae": 3.191900457065507, "mape": 0.05202802746728087, "variance": 16277.293388217144}, "KOTAKBANK": {"r2": 0.9859531132575946, "mse": 6411.462560857313, "mae": 45.306198165773935, "mape": 0.3573220062620519, "variance": 456432.9931914456}, "HCLTECH": {"r2": 0.9958609462624911, "mse": 779.6018014039505, "mae": 16.97957998842504, "mape": 0.0791593804410675, "variance": 188352.6648468089}, "HDFCBANK": {"r2": 0.9990300576191525, "mse": 289.2626546592949, "mae": 11.428690359669519, "mape": 0.11860981537643644, "variance": 298226.63734579145}, "MARUTI": {"r2": 0.9979431912626648, "mse": 25911.564270265688, "mae": 118.21007092135315, "mape": 0.06281931598654551, "variance": 12597945.4481689}}